PRACTICAL QUESTION 4:

sudo mysql

mysql> use Aparna;

mysql> show tables;
+------------------+
| Tables_in_Aparna |
+------------------+
| Department       |
| Employee         |
+------------------+
2 rows in set (0.01 sec)

mysql> create table Student(rollno int primary key,Name varchar(20),course varchar(20));
Query OK, 0 rows affected (0.11 sec)

mysql> insert into Student values(1,'Ammu','MCA'),(2,'Amal','MCA');
Query OK, 2 rows affected (0.02 sec)
Records: 2  Duplicates: 0  Warnings: 0

mysql> start transaction;
Query OK, 0 rows affected (0.00 sec)

mysql> savepoint a;
Query OK, 0 rows affected (0.00 sec)

mysql> select * from Student;
+--------+------+--------+
| rollno | Name | course |
+--------+------+--------+
|      1 | Appu | MCA    |
|      2 | Abhi | MCA    |
+--------+------+--------+
2 rows in set (0.00 sec)

mysql> insert into Student values(3,'Anju','MCA'),(4,'Anet','MCA');
Query OK, 2 rows affected (0.00 sec)
Records: 2  Duplicates: 0  Warnings: 0

mysql> select * from Student;
+--------+------+--------+
| rollno | Name | course |
+--------+------+--------+
|      1 | Appu | MCA    |
|      2 | Abhi | MCA    |
|      3 | Anju | MCA    |
|      4 | Anet | MCA    |
+--------+------+--------+
4 rows in set (0.00 sec)

mysql> rollback to a;
Query OK, 0 rows affected (0.01 sec)

mysql> select * from Student;
+--------+------+--------+
| rollno | Name | course |
+--------+------+--------+
|      1 | Appu | MCA    |
|      2 | Abhi | MCA    |
+--------+------+--------+
2 rows in set (0.00 sec)

mysql> commit;
Query OK, 0 rows affected (0.00 sec)

mysql> insert into Student values(5,'Arun','MCA');
Query OK, 1 row affected (0.01 sec)

mysql> select * from Student;
+--------+------+--------+
| rollno | Name | course |
+--------+------+--------+
|      1 | Appu | MCA    |
|      2 | Abhi | MCA    |
|      5 | Arun | MCA    |
+--------+------+--------+
3 rows in set (0.00 sec)

mysql> rollback;
Query OK, 0 rows affected (0.00 sec)

mysql> select * from Student;
+--------+------+--------+
| rollno | Name | course |
+--------+------+--------+
|      1 | Appu | MCA    |
|      2 | Abhi | MCA    |
|      5 | Arun | MCA    |
+--------+------+--------+
3 rows in set (0.00 sec)
