PRACTICAL QUESTION 6:

mysql> create table salesman(salesman_id int primary key,name varchar(100),city varchar(100),commission decimal(2,2));
Query OK, 0 rows affected (0.10 sec)

mysql> insert into salesman values(5001,'James Hoog','New York',0.15),(5002,'Nail Knite','Paris',0.13),(5005,'Pit Alex','London',0.11),(5006,'Mc Lyon','Paris',0.14),(5007,'Paul Adam','Rome',0.13),(5003,'Lauson Hen','San Jose',0.12);
Query OK, 6 rows affected (0.02 sec)
Records: 6  Duplicates: 0  Warnings: 0

mysql> select * from salesman;
+-------------+------------+----------+------------+
| salesman_id | name       | city     | commission |
+-------------+------------+----------+------------+
|        5001 | James Hoog | New York |       0.15 |
|        5002 | Nail Knite | Paris    |       0.13 |
|        5003 | Lauson Hen | San Jose |       0.12 |
|        5005 | Pit Alex   | London   |       0.11 |
|        5006 | Mc Lyon    | Paris    |       0.14 |
|        5007 | Paul Adam  | Rome     |       0.13 |
+-------------+------------+----------+------------+
6 rows in set (0.00 sec)


6.1:

mysql> create view newyorkstaff as select * from salesman where city = 'New York';
Query OK, 0 rows affected (0.03 sec)

mysql> select * from newyorkstaff;
+-------------+------------+----------+------------+
| salesman_id | name       | city     | commission |
+-------------+------------+----------+------------+
|        5001 | James Hoog | New York |       0.15 |
+-------------+------------+----------+------------+
1 row in set (0.00 sec)

6.2:

mysql> create table customer(customer_id int primary key,cust_name varchar(100),city varchar(100),grade int,salesman_id int,foreign key(salesman_id) references salesman(salesman_id));
Query OK, 0 rows affected (0.13 sec)

mysql> insert into customer values(3002,'Nick Rimando','New York',100,5001),(3007,'Brad Davis','New York',200,5001),(3005,'Graham Zuzi','California',200,5002),(3008,'Julian Green','London',300,5002),(3004,'Fabian Johnson','Paris',300,5006),(3009,'Geoff Cameron','Berlin',100,5003),(3003,'Jozy Altidor','Moscow',200,5007),(3001,'Brad Guzan','London',100,5005);
Query OK, 8 rows affected (0.01 sec)
Records: 8  Duplicates: 0  Warnings: 0

mysql> select * from customer;
+-------------+----------------+------------+-------+-------------+
| customer_id | cust_name      | city       | grade | salesman_id |
+-------------+----------------+------------+-------+-------------+
|        3001 | Brad Guzan     | London     |   100 |        5005 |
|        3002 | Nick Rimando   | New York   |   100 |        5001 |
|        3003 | Jozy Altidor   | Moscow     |   200 |        5007 |
|        3004 | Fabian Johnson | Paris      |   300 |        5006 |
|        3005 | Graham Zuzi    | California |   200 |        5002 |
|        3007 | Brad Davis     | New York   |   200 |        5001 |
|        3008 | Julian Green   | London     |   300 |        5002 |
|        3009 | Geoff Cameron  | Berlin     |   100 |        5003 |
+-------------+----------------+------------+-------+-------------+
8 rows in set (0.00 sec)

mysql> create view grade_count(grade,number) as select grade,count(*) from customer group by grade;
Query OK, 0 rows affected (0.03 sec)

mysql> select * from grade_count;
+-------+--------+
| grade | number |
+-------+--------+
|   100 |      3 |
|   200 |      3 |
|   300 |      2 |
+-------+--------+
3 rows in set (0.01 sec)

6.3

mysql> create table orders(ord_no int primary key,purch_amt decimal(10,2),ord_date date,customer_id int,salesman_id int,foreign key(customer_id) references customer(customer_id),foreign key(salesman_id) references salesman(salesman_id));
Query OK, 0 rows affected (0.15 sec)

mysql> insert into orders values(70001,150.5,'2012-10-05',3005,5002),(70009,270.65,'2012-09-10',3001,5005),(70002,65.26,'2012-10-05',3002,5001),(70004,110.5,'2012-08-17',3009,5003),(70007,948.5,'2012-09-10',3005,5002),(70005,2400.6,'2012-07-27',3007,5001),(70008,5760,'2012-09-10',3002,5001),(70010,1983.43,'2012-10-10',3004,5006),(70003,2480.4,'2012-10-10',3009,5003),(70012,250.45,'2012-06-27',3008,5002),(70011,75.29,'2012-08-17',3003,5007),(70013,3045.6,'2012-04-25',3002,5001);

mysql> select * from orders;
+--------+-----------+------------+-------------+-------------+
| ord_no | purch_amt | ord_date   | customer_id | salesman_id |
+--------+-----------+------------+-------------+-------------+
|  70001 |    150.50 | 2012-10-05 |        3005 |        5002 |
|  70002 |     65.26 | 2012-10-05 |        3002 |        5001 |
|  70003 |   2480.40 | 2012-10-10 |        3009 |        5003 |
|  70004 |    110.50 | 2012-08-17 |        3009 |        5003 |
|  70005 |   2400.60 | 2012-07-27 |        3007 |        5001 |
|  70007 |    948.50 | 2012-09-10 |        3005 |        5002 |
|  70008 |   5760.00 | 2012-09-10 |        3002 |        5001 |
|  70009 |    270.65 | 2012-09-10 |        3001 |        5005 |
|  70010 |   1983.43 | 2012-10-10 |        3004 |        5006 |
|  70011 |     75.29 | 2012-08-17 |        3003 |        5007 |
|  70012 |    250.45 | 2012-06-27 |        3008 |        5002 |
|  70013 |   3045.60 | 2012-04-25 |        3002 |        5001 |
+--------+-----------+------------+-------------+-------------+
12 rows in set (0.00 sec)

mysql> create view totalforday as select ord_date,count(distinct customer_id),avg(purch_amt),sum(purch_amt) from orders group by ord_date;
Query OK, 0 rows affected (0.02 sec)

mysql> select *  from totalforday;
+------------+-----------------------------+----------------+----------------+
| ord_date   | count(distinct customer_id) | avg(purch_amt) | sum(purch_amt) |
+------------+-----------------------------+----------------+----------------+
| 2012-04-25 |                           1 |    3045.600000 |        3045.60 |
| 2012-06-27 |                           1 |     250.450000 |         250.45 |
| 2012-07-27 |                           1 |    2400.600000 |        2400.60 |
| 2012-08-17 |                           2 |      92.895000 |         185.79 |
| 2012-09-10 |                           3 |    2326.383333 |        6979.15 |
| 2012-10-05 |                           2 |     107.880000 |         215.76 |
| 2012-10-10 |                           2 |    2231.915000 |        4463.83 |
+------------+-----------------------------+----------------+----------------+
7 rows in set (0.00 sec)

6.4:

mysql> create view salesperson_orders as select salesman_id,ord_no,customer_id from orders where ord_date in ('2012-08-17','2012-10-10');
Query OK, 0 rows affected (0.03 sec)

mysql> select * from salesperson_orders;
+-------------+--------+-------------+
| salesman_id | ord_no | customer_id |
+-------------+--------+-------------+
|        5003 |  70003 |        3009 |
|        5003 |  70004 |        3009 |
|        5006 |  70010 |        3004 |
|        5007 |  70011 |        3003 |
+-------------+--------+-------------+
4 rows in set (0.00 sec)

6.5:

mysql> create view elitsalesman as select ord_date,salesman.salesman_id,name from salesman,orders ord1 where salesman.salesman_id = ord1.salesman_id and ord1.purch_amt = (select max(purch_amt) from orders ord2 where ord2.ord_date = ord1.ord_date);
Query OK, 0 rows affected (0.02 sec)

mysql> select * from elitsalesman;
+------------+-------------+------------+
| ord_date   | salesman_id | name       |
+------------+-------------+------------+
| 2012-07-27 |        5001 | James Hoog |
| 2012-09-10 |        5001 | James Hoog |
| 2012-04-25 |        5001 | James Hoog |
| 2012-10-05 |        5002 | Nail Knite |
| 2012-06-27 |        5002 | Nail Knite |
| 2012-10-10 |        5003 | Lauson Hen |
| 2012-08-17 |        5003 | Lauson Hen |
+------------+-------------+------------+
7 rows in set (0.00 sec)
