2)

mysql> select * from Student;
+--------+------+--------+
| rollno | Name | course |
+--------+------+--------+
|      1 | Ammu | MCA    |
|      2 | Amal | MCA    |
|      5 | Arun | MCA    |
+--------+------+--------+
3 rows in set (0.01 sec)


mysql> delimiter $$
mysql> create procedure list_names(inout name_list varchar(4000))
    -> begin
    -> declare is_done integer default 0;
    -> declare s_name varchar(100) default "";
    -> declare stud_cursor cursor for select Name from Student;
    -> declare continue handler for not found set is_done = 1;
    -> open stud_cursor;
    -> get_list:LOOP
    -> fetch stud_cursor into s_name;
    -> if is_done = 1 then
    -> leave get_list;
    -> end if;
    -> set name_list = concat(s_name,";",name_list);
    -> end loop get_list;
    -> close stud_cursor;
    -> end $$
Query OK, 0 rows affected (0.03 sec)

mysql>  set@name_list="";
Query OK, 0 rows affected (0.00 sec)

mysql> call list_names(@name_list);
Query OK, 0 rows affected (0.00 sec)

mysql> select @name_list;
+-----------------+
| @name_list      |
+-----------------+
| Arun;Amal;Ammu; |
+-----------------+
1 row in set (0.00 sec)
