PRACTICAL QUESTION 7: (Subquery)

mysql> create table Employees(emp_id int primary key, emp_name varchar(100),emp_age int,city varchar(100),income int);
Query OK, 0 rows affected (0.11 sec)

mysql> desc Employees;
+----------+--------------+------+-----+---------+-------+
| Field    | Type         | Null | Key | Default | Extra |
+----------+--------------+------+-----+---------+-------+
| emp_id   | int          | NO   | PRI | NULL    |       |
| emp_name | varchar(100) | YES  |     | NULL    |       |
| emp_age  | int          | YES  |     | NULL    |       |
| city     | varchar(100) | YES  |     | NULL    |       |
| income   | int          | YES  |     | NULL    |       |
+----------+--------------+------+-----+---------+-------+
5 rows in set (0.01 sec)

mysql> insert into Employees values(101,'Peter',32,'Newyork',200000),(102,'Mark',32,'California',300000),(103,'Donald',40,'Arizona',1000000),(104,'Obama',35,'Florida',5000000),(105,'Linklon',32,'Georgia',250000),(106,'Kane',45,'Alaska',450000),(107,'Adam',35,'California',5000000),(108,'Macculam',40,'Florida',350000),(109,'Brayan',32,'Alaska',400000),(110,'Stephen',40,'Arizona',600000),(111,'Alexander',45,'California',70000);
Query OK, 11 rows affected (0.01 sec)
Records: 11  Duplicates: 0  Warnings: 0

mysql> select * from Employees;
+--------+-----------+---------+------------+---------+
| emp_id | emp_name  | emp_age | city       | income  |
+--------+-----------+---------+------------+---------+
|    101 | Peter     |      32 | Newyork    |  200000 |
|    102 | Mark      |      32 | California |  300000 |
|    103 | Donald    |      40 | Arizona    | 1000000 |
|    104 | Obama     |      35 | Florida    | 5000000 |
|    105 | Linklon   |      32 | Georgia    |  250000 |
|    106 | Kane      |      45 | Alaska     |  450000 |
|    107 | Adam      |      35 | California | 5000000 |
|    108 | Macculam  |      40 | Florida    |  350000 |
|    109 | Brayan    |      32 | Alaska     |  400000 |
|    110 | Stephen   |      40 | Arizona    |  600000 |
|    111 | Alexander |      45 | California |   70000 |
+--------+-----------+---------+------------+---------+
11 rows in set (0.00 sec)

7.1 :

mysql> select emp_name,emp_age,city,income from Employees where emp_id in (select emp_id from Employees);
+-----------+---------+------------+---------+
| emp_name  | emp_age | city       | income  |
+-----------+---------+------------+---------+
| Peter     |      32 | Newyork    |  200000 |
| Mark      |      32 | California |  300000 |
| Donald    |      40 | Arizona    | 1000000 |
| Obama     |      35 | Florida    | 5000000 |
| Linklon   |      32 | Georgia    |  250000 |
| Kane      |      45 | Alaska     |  450000 |
| Adam      |      35 | California | 5000000 |
| Macculam  |      40 | Florida    |  350000 |
| Brayan    |      32 | Alaska     |  400000 |
| Stephen   |      40 | Arizona    |  600000 |
| Alexander |      45 | California |   70000 |
+-----------+---------+------------+---------+
11 rows in set (0.00 sec)

7.2:

mysql> select * from Employees where emp_id in (select emp_id from Employees where income > 350000);
+--------+----------+---------+------------+---------+
| emp_id | emp_name | emp_age | city       | income  |
+--------+----------+---------+------------+---------+
|    103 | Donald   |      40 | Arizona    | 1000000 |
|    104 | Obama    |      35 | Florida    | 5000000 |
|    106 | Kane     |      45 | Alaska     |  450000 |
|    107 | Adam     |      35 | California | 5000000 |
|    109 | Brayan   |      32 | Alaska     |  400000 |
|    110 | Stephen  |      40 | Arizona    |  600000 |
+--------+----------+---------+------------+---------+
6 rows in set (0.00 sec)

7.3:

mysql> select * from Employees where income =  (select max(income) from Employees);
+--------+----------+---------+------------+---------+
| emp_id | emp_name | emp_age | city       | income  |
+--------+----------+---------+------------+---------+
|    104 | Obama    |      35 | Florida    | 5000000 |
|    107 | Adam     |      35 | California | 5000000 |
+--------+----------+---------+------------+---------+
2 rows in set (0.00 sec)
